vendor_id;price_date;vendor_cat;vendor_item_id;vendor_item_name;brand;barcode;UCGFEA;warranty;qty;price;price_RIP;avbt;CurrencyId;Part_number;Country_of_origin;PDV_rate
VN72123277;20260414;FISKARS/ Аксесуари для тварин;2009140;Щітка силіконова для тварин Fiskars , 2/6, 19L (2009140);Fiskars;46561816520;9603909100;0;;899.25;1199.0;0;UAH;2009140;China;20
VN72123277;20260414;FISKARS/ Аксесуари для тварин;2009136;Засіб для розплутування/розплутувач для тварин Fiskars, 2/6, 19L (2009136);Fiskars;46561816506;9615190000;0;;899.25;1199.0;0;UAH;2009136;China;20
VN72123277;20260414;FISKARS/ Аксесуари для тварин;2009138;Щітка дротяна для тварин Fiskars, 2/6, 19L (2009138);Fiskars;46561816513;9603909100;0;;899.25;1199.0;0;UAH;2009138;China;20
VN72123277;20260414;FISKARS/ Аксесуари для тварин;2009144;Сумка для зберігання інструментів для грумінгу FISKARS, 2/6, 19L (2009144);Fiskars;46561816544;4202229090;0;;899.25;1199.0;0;UAH;2009144;China;20
VN72123277;20260414;FISKARS/ Аксесуари для тварин;2009124;Ножиці для тварин з закругленими кінцями Fiskars, 2/6, 19L (2009124);Fiskars;46561816445;8213000000;0;;899.25;1199.0;0;UAH;2009124;China;20
VN72123277;20260414;FISKARS/ Аксесуари для тварин;2009126;Ножиці прямі для тварин Fiskars, 2/6, 19L (2009126);Fiskars;46561816452;8213000000;0;;1124.25;1499.0;0;UAH;2009126;China;20
VN72123277;20260414;FISKARS/ Аксесуари для тварин;2009128;Ножиці філірувальні (блендінг) для тварин (Fiskars), 2/6, 19L (2009128);Fiskars;46561816469;8213000000;0;;1124.25;1499.0;0;UAH;2009128;China;20
VN72123277;20260414;FISKARS/ Аксесуари для тварин;2009142;Пилка для нігтів для тварин Fiskars, 2/6, 19L (2009142);Fiskars;46561816537;8214200000;0;;584.25;779.0;0;UAH;2009142;China;20
VN72123277;20260414;FISKARS/ Аксесуари для тварин;2009134;Гребінець сталевий для тварин Fiskars , 2/6, 19L (2009134);Fiskars;46561816490;9615190000;0;;674.25;899.0;0;UAH;2009134;China;20
VN72123277;20260414;FISKARS/ Аксесуари для тварин;2009130;Кусачки для кігтів тварин Fiskars, 2/6, 19L (2009130);Fiskars;46561816476;8214200000;0;;674.25;899.0;0;UAH;2009130;China;20
VN72123277;20260414;FISKARS/ Аксесуари для тварин;2009132;Кусачки великі для кігтів тварин Fiskars , 2/6, 19L (2009132);Fiskars;46561816483;8214200000;0;;749.25;999.0;0;UAH;2009132;China;20
VN72123277;20260414;FISKARS/Автоаксесуари Fiskars/Щітки та скрібки для авто;1019354;Скребок автомобільний Fiskars Solid (1019354);Fiskars;6411501430632;9603909900;0;;239.25;319.0;2;UAH;1019354;China;20
VN72123277;20260414;FISKARS/Автоаксесуари Fiskars/Щітки та скрібки для авто;1078497;Скребок для льоду Fiskars Solid (1078497);Fiskars;6411501410573;3926909790;0;;546.75;729.0;2;UAH;1078497;China;20
VN72123277;20260414;FISKARS/Акумуляторний інструмент;1082341;Акумулятор Fiskars 12V-4Ah (1082341);Fiskars;46561816599;8507 20 90 00;24;;3149.25;4199.0;0;UAH;1082341;China;20
VN72123277;20260414;FISKARS/Акумуляторний інструмент;1082298;Секатор акумуляторний Fiskars ePruner L, Bypass, Tool-Only без АКБ (1082298);Fiskars;46561816568;8467 29 00 00;24;;7499.25;9999.0;0;UAH;1082298;China;20
VN72123277;20260414;FISKARS/Акумуляторний інструмент;1082297;Секатор акумуляторний Fiskars ePruner M Bypassі з вбудованим акумулятором 8В 4 4Ah (1082297);Fiskars;46561816551;8467 29 00 00;24;;7499.25;9999.0;0;UAH;1082297;China;20
VN72123277;20260414;FISKARS/Посуд та кухонний інвентар Fiskars/Каструлі;1052240;Каструля Fiskars Hard Face Steel 3,5 л (1052240);Fiskars;6411501702579;7323930090;0;;2999.25;3999.0;2;UAH;1052240;Finland;20
VN72123277;20260414;FISKARS/Посуд та кухонний інвентар Fiskars/Кришталь;40033792;Набір стаканів Waterford Marquis Maxwell 310 мл, 4 шт (40033792);Marquis;701587408578;7013379100;0;;1499.25;1999.0;1;UAH;40033792;Italy;20
VN72123277;20260414;FISKARS/Посуд та кухонний інвентар Fiskars/Кришталь;40033803;Набір стаканів Marquis Moments 390 мл, 4 шт (40033803);Marquis;701587408660;7013379100;0;;2249.25;2999.0;1;UAH;40033803;Slovakia;20
VN72123277;20260414;FISKARS/Посуд та кухонний інвентар Fiskars/Кухонні ножі;1065586;Ніж для чищення з рухомим лезом Fiskrs Essential, 6 см (1065586);Fiskars;6424002015659;8211920000;0;;290.25;387.0;1;UAH;1065586;China;20
VN72123277;20260414;FISKARS/Посуд та кухонний інвентар Fiskars/Кухонні ножі;1000773;Набір ножів в деревяному блоці FISKARS Kitchen Devil (1000773);Fiskars;5010624437385;8211920000;0;;2999.25;3999.0;2;UAH;1000773;China;20
VN72123277;20260414;FISKARS/Посуд та кухонний інвентар Fiskars/Кухонні ножі;1065599;Ніж для чищення з поперечним лезом Fiskars Essential (1065599);Fiskars;6424002015789;8211920000;0;;426.0;568.0;1;UAH;1065599;China;20
VN72123277;20260414;FISKARS/Посуд та кухонний інвентар Fiskars/Кухонні ножі;1065567;Ніж філейний Fiskars Essential, 18 см (1065567);Fiskars;6424002015567;8211920000;0;;635.25;847.0;1;UAH;1065567;China;20
VN72123277;20260414;FISKARS/Посуд та кухонний інвентар Fiskars/Кухонні ножі;1065565;Ніж для шеф-кухаря Fiskars Essential, 21см (1065565);Fiskars;6424002015543;8211920000;0;;635.25;847.0;1;UAH;1065565;China;20
VN72123277;20260414;FISKARS/Посуд та кухонний інвентар Fiskars/Кухонні ножі/Кухонні ножі Fiskars Essential;1065587;Кухонний ніж Fiskars Essential для сиру 21 см Black (1065587);Fiskars;1065587;8214900000;0;;476.25;635.0;1;UAH;1065587;China;20
VN72123277;20260414;FISKARS/Посуд та кухонний інвентар Fiskars/Сковороди;1024458;Сковорода Fiskars Handy 28 см (1024458);Fiskars;6428517001077;7615108000;0;;974.25;1299.0;1;UAH;1024458;Finland;20
VN72123277;20260414;FISKARS/Посуд та кухонний інвентар Fiskars/Сковороди;1052247;Сковорода Fiskars Hard Face Steel 28 см (1052247);Fiskars;6411501702647;7323930090;0;;1499.25;1999.0;1;UAH;1052247;Finland;20
VN72123277;20260414;FISKARS/Посуд та кухонний інвентар Fiskars/Сковороди;1059096;Сковорода Fiskars Steel 28 см (1059096);Fiskars;6424002013501;7323930090;0;;1725.0;2300.0;2;UAH;1059096;Finland;20
VN72123277;20260414;FISKARS/Посуд та кухонний інвентар Fiskars/Сковороди;1023739;Сковорода Fiskars Rotisser 24 см (1023739);Fiskars;6424002005926;7615108000;0;;1896.75;2529.0;2;UAH;1023739;Finland;20
VN72123277;20260414;FISKARS/Посуд та кухонний інвентар Fiskars/Сковороди;1075041;Сковорода Fiskars 375 Anniversary 24cm (1075041);Fiskars;6424002019800;7323930090;0;;1963.5;2618.0;2;UAH;1075041;Finland;20
VN72123277;20260414;FISKARS/Посуд та кухонний інвентар Fiskars/Сотейники;1023752;Сотейник Fiskars Rotisser 26 см з кришкою (1023752);Fiskars;6424002005957;7615108000;0;;2249.25;2999.0;1;UAH;1023752;Finland;20
VN72123277;20260414;FISKARS/Садовий інвентар Fiskars/Вила для саду;1001577;Вила для сіна Fiskars ErgoComfort (1001577);Fiskars;6411503330220;8201 10 00 90;60;;801.75;1069.0;1;UAH;1001577;Poland;20
VN72123277;20260414;FISKARS/Садовий інвентар Fiskars/Вила для саду;1004814;Вила садові полегшені Fiskars Ergo (1004814);Fiskars;5702261122037;8201 10 00 90;60;;1260.0;1680.0;1;UAH;1004814;Poland;20
VN72123277;20260414;FISKARS/Садовий інвентар Fiskars/Вила для саду;1070715;Вила садові Fiskars White (1070715);Fiskars;6411501705631;8201 10 00 90;60;;1574.25;2099.0;0;UAH;1070715;Poland;20
VN72123277;20260414;FISKARS/Садовий інвентар Fiskars/Вила для саду;1011570;Вила для компосту Fiskars пластикові (1011570);Fiskars;7317791500019;8201 10 00 90;60;;261.75;349.0;1;UAH;1011570;Poland;20
VN72123277;20260414;FISKARS/Садовий інвентар Fiskars/Вила для саду;1014810;Вила короткі Fiskars Solid (1014810);Fiskars;6411501334244;8201 10 00 90;60;;486.75;649.0;1;UAH;1014810;Poland;20
VN72123277;20260414;FISKARS/Садовий інвентар Fiskars/Гілкорізи;1001553;Гілкоріз площинний із загнутим лезом Fiskars PowerGear L76 (1001553);Fiskars;6411501123008;8201 50 00 00;24;;1274.25;1699.0;2;UAH;1001553;Poland;20
VN72123277;20260414;FISKARS/Садовий інвентар Fiskars/Гілкорізи;1027528;Гілкоріз площинний телескопічний Fiskars Solid L13 (1027528);Fiskars;6411501150370;8201 50 00 00;24;;1725.0;2300.0;0;UAH;1027528;China;20
VN72123277;20260414;FISKARS/Садовий інвентар Fiskars/Гілкорізи;1026930;Гілкоріз Fiskars White L32 (1026930);Fiskars;6411501150196;8201 50 00 00;24;;2024.25;2699.0;2;UAH;1026930;Poland;20
VN72123277;20260414;FISKARS/Садовий інвентар Fiskars/Гілкорізи;1073084;Гілкоріз телескопічний Fiskars UPN86 (1073084);Гілкоріз телескопічний Fiskars UPN86 (1073084);6411501600899;8201 50 00 00;24;;4499.25;5999.0;0;UAH;1073084;Poland;20
VN72123277;20260414;FISKARS/Садовий інвентар Fiskars/Граблі для саду;1056927;Набір Fiskars мітла дворова М + Граблі Solid (1056927);Fiskars;6411501311252;8201 10 00 90;24;;899.25;1199.0;1;UAH;1056927;Poland;20
VN72123277;20260414;FISKARS/Садовий інвентар Fiskars/Граблі для саду;1000660;Граблі для листя Fiskars Ergonomic XL (1000660);Fiskars;5905561335705;8201 10 00 90;24;;921.0;1228.0;1;UAH;1000660;Poland;20
VN72123277;20260414;FISKARS/Садовий інвентар Fiskars/Граблі для саду;1024720;Граблі Fiskars Solid (1024720);Fiskars;6411501330048;8201 10 00 90;24;;1032.75;1377.0;1;UAH;1024720;Poland;20
VN72123277;20260414;FISKARS/Садовий інвентар Fiskars/Граблі для саду;1023492;Граблі великі для листя Fiskars М помаранчеві (1023492);Fiskars;6411501350282;8201 10 00 90;24;;1050.0;1400.0;1;UAH;1023492;Finland;20
VN72123277;20260414;FISKARS/Садовий інвентар Fiskars/Граблі для саду;1011611;Граблі для листя Fiskars Prima FSC (1011611);Fiskars;7317796551702;8201 10 00 90;24;;1200.0;1600.0;1;UAH;1011611;Poland;20
VN72123277;20260414;FISKARS/Садовий інвентар Fiskars/Граблі для саду;1014828;Граблі для грунту FISKARS PARK FSC (1014828);Fiskars;6411501663368;8201 10 00 90;24;;1311.75;1749.0;1;UAH;1014828;Poland;20
VN72123277;20260414;FISKARS/Садовий інвентар Fiskars/Граблі для саду;1001587;Граблі для грунту універсальні Fiskars FSC (1001587);Fiskars;6411503474016;8201 10 00 90;24;;599.25;799.0;1;UAH;1001587;Poland;20
VN72123277;20260414;FISKARS/Садовий інвентар Fiskars/Граблі для саду;1019608;Граблі для ґрунту полегшені Fiskars White (1019608);Fiskars;6411501355232;8201 10 00 90;24;;674.25;899.0;0;UAH;1019608;Poland;20
VN72123277;20260414;FISKARS/Садовий інвентар Fiskars/Інструменти для дому;1027215;Болторіз Fiskars PowerGear 76см (1027215);Fiskars;6411501701336;8201 50 00 00;24;;1274.25;1699.0;1;UAH;1027215;China;20
VN72123277;20260414;FISKARS/Садовий інвентар Fiskars/Інструменти для дому;1027216;Болторіз Fiskars PowerGear 91см (1027216);Fiskars;6411501701343;8201 50 00 00;24;;1349.25;1799.0;0;UAH;1027216;China;20
VN72123277;20260414;FISKARS/Садовий інвентар Fiskars/Інструменти для дому;1061193;Ніж складаний Fiskars CarbonMax (1061193);Fiskars;6411501512185;8203 20 00 00;24;;1461.75;1949.0;2;UAH;1061193;China;20
VN72123277;20260414;FISKARS/Садовий інвентар Fiskars/Інструменти для дому;1061192;Ніж з висувним лезом Fiskars CarbonMax (1061192);Fiskars;6411501512178;8203 20 00 00;24;;1461.75;1949.0;1;UAH;1061192;China;20
VN72123277;20260414;FISKARS/Садовий інвентар Fiskars/Інструменти для дому;1001622;Ніж загального призначення K40 Fiskars (1001622);Fiskars;6411502870628;8203 20 00 00;24;;749.25;999.0;2;UAH;1001622;China;20
VN72123277;20260414;FISKARS/Садовий інвентар Fiskars/Лопати садові;1066715;Лопата туристична Fiskars Solid Metal (1066715);Fiskars;6411501311825;8201 10 00 90;60;;899.25;1199.0;1;UAH;1066715;Poland;20
VN72123277;20260414;FISKARS/Садовий інвентар Fiskars/Лопати садові;1066716;Лопата штикова Fiskars Solid (1066716);Fiskars;6411501311832;8201 10 00 90;60;;974.25;1299.0;1;UAH;1066716;Poland;20
VN72123277;20260414;FISKARS/Садовий інвентар Fiskars/Лопати садові;1014776;Лопата загострена Fiskars ClassicPro червона FSC (1014776);Fiskars;6411501327635;8201 10 00 90;60;;1200.0;1600.0;1;UAH;1014776;Poland;20
VN72123277;20260414;FISKARS/Садовий інвентар Fiskars/Лопати садові;1067540;Лопата мала Fiskars White S (1067540);Fiskars;6411501311481;8201 10 00 90;60;;1311.75;1749.0;1;UAH;1067540;Poland;20
VN72123277;20260414;FISKARS/Садовий інвентар Fiskars/Лопати садові;1014823;Лопата совкова FISKARS PARK FSC (1014823);Fiskars;6411501663320;8201 10 00 90;60;;1395.0;1860.0;1;UAH;1014823;Poland;20
VN72123277;20260414;FISKARS/Садовий інвентар Fiskars/Лопати садові;1014773;Лопата садова штикова Fiskars Classic FSC (1014773);Fiskars;6411501317407;8201 10 00 90;60;;1500.0;2000.0;0;UAH;1014773;Norway;20
VN72123277;20260414;FISKARS/Садовий інвентар Fiskars/Лопати садові;1005016;Лопата совкова будівельна Fiskars (1005016);Fiskars;6411501328007;8201 10 00 90;60;;1725.0;2300.0;1;UAH;1005016;Poland;20
VN72123277;20260414;FISKARS/Садовий інвентар Fiskars/Лопати садові;1024472;Лопата садова класична Fiskars FSC (1024472);Fiskars;6411501317506;8201 10 00 90;60;;674.25;899.0;1;UAH;1024472;Norway;20
VN72123277;20260414;FISKARS/Садовий інвентар Fiskars/Мотикі, сапи, культиватори;1004808;Мотика ергономічна Fiskars Skuffejern (1004808);Fiskars;5702261112151;8201 10 00 90;24;;749.25;999.0;1;UAH;1004808;Poland;20
VN72123277;20260414;FISKARS/Садовий інвентар Fiskars/Мотикі, сапи, культиватори;1014815;Мотига Fiskars Solid L30 (1014815);Fiskars;6411501357120;8201 10 00 90;24;;749.25;999.0;1;UAH;1014815;Poland;20
VN72123277;20260414;FISKARS/Садовий інвентар Fiskars/Мотикі, сапи, культиватори;1005044;Сапка Fiskars Dutch Red FSC (1005044);Fiskars;6411501368201;8201 10 00 90;24;;749.25;999.0;1;UAH;1005044;Poland;20
VN72123277;20260414;FISKARS/Садовий інвентар Fiskars/Мотикі, сапи, культиватори;1014792;Сапа FISKARS для картоплі FSC (1014792);Fiskars;6411501367105;8201 10 00 90;24;;749.25;999.0;1;UAH;1014792;Norway;20
VN72123277;20260414;FISKARS/Садовий інвентар Fiskars/Ножиці для живоплоту;1026827;Ножиці для кущів Fiskars Solid HS21 (1026827);Fiskars;6411501150271;8201 50 00 00;24;;1124.25;1499.0;1;UAH;1026827;China;20
VN72123277;20260414;FISKARS/Садовий інвентар Fiskars/Ножиці для живоплоту;1001433;Ножиці для кущів Fiskars SingleStep HS22 (1001433);Fiskars;6411501147301;8201 50 00 00;24;;1424.25;1899.0;1;UAH;1001433;China;20
VN72123277;20260414;FISKARS/Садовий інвентар Fiskars/Ножиці для живоплоту;1026931;Ножиці для кущів Fiskars White HS53 (1026931);Fiskars;6411501150202;8201 50 00 00;24;;1574.25;2099.0;2;UAH;1026931;Poland;20
VN72123277;20260414;FISKARS/Садовий інвентар Fiskars/Ножиці для трави;1026917;Ножиці для трави Fiskars White GS41 (1026917);Fiskars;6411501150288;8201 50 00 00;24;;1161.75;1549.0;2;UAH;1026917;China;20
VN72123277;20260414;FISKARS/Садовий інвентар Fiskars/Посадковий інвентар;1025566;Вила для бур'янів Fiskars Solid (1025566);Fiskars;6411501705792;8201 10 00 90;24;;164.25;219.0;0;UAH;1025566;Lithuania;20
VN72123277;20260414;FISKARS/Садовий інвентар Fiskars/Посадковий інвентар;1025564;Лопатка для пересадки Fiskars Solid (1025564);Fiskars;6411501310132;8201 10 00 90;24;;207.75;277.0;1;UAH;1025564;Lithuania;20
VN72123277;20260414;FISKARS/Садовий інвентар Fiskars/Посадковий інвентар;1025563;Лопатка Fiskars Solid (1025563);Fiskars;6411501310125;8201 10 00 90;24;;207.75;277.0;1;UAH;1025563;Lithuania;20
VN72123277;20260414;FISKARS/Садовий інвентар Fiskars/Посадковий інвентар;1027033;Лопатка для розсади Fiskars White (1027033);Fiskars;6411501350770;8201 10 00 90;24;;207.75;277.0;1;UAH;1027033;Lithuania;20
VN72123277;20260414;FISKARS/Садовий інвентар Fiskars/Посадковий інвентар;1052090;Набір садовий Fiskars лопатка, культиватор (1052090);Fiskars;6411501310927;8201 10 00 90;24;;223.5;298.0;1;UAH;1052090;Lithuania;20
VN72123277;20260414;FISKARS/Садовий інвентар Fiskars/Посадковий інвентар;1025565;Культиватор Fiskars Solid (1025565);Fiskars;6411501310149;8201 10 00 90;24;;282.75;377.0;1;UAH;1025565;Lithuania;20
VN72123277;20260414;FISKARS/Садовий інвентар Fiskars/Посадковий інвентар;1027034;Вилка для посадки Fiskars White (1027034);Fiskars;6411501350787;8201 10 00 90;24;;282.75;377.0;1;UAH;1027034;Lithuania;20
VN72123277;20260414;FISKARS/Садовий інвентар Fiskars/Посадковий інвентар;1025567;Сапка Fiskars Solid Planter (1025567);Fiskars;6411501310163;8201 10 00 90;24;;411.75;549.0;1;UAH;1025567;Lithuania;20
VN72123277;20260414;FISKARS/Садовий інвентар Fiskars/Посадковий інвентар;1018608;Культиватор Fiskars Ergonomic (1018608);Fiskars;5702261116708;8201 10 00 90;24;;674.25;899.0;1;UAH;1018608;Poland;20
VN72123277;20260414;FISKARS/Садовий інвентар Fiskars/Садові пилки;1028376;Пилка садова ручна Fiskars Solid SW 16 (1028376);Fiskars;6411501200419;8201 50 00 00;24;;1199.25;1599.0;2;UAH;1028376;China;20
VN72123277;20260414;FISKARS/Садовий інвентар Fiskars/Садові пилки;1028374;Пила садова ручна Fiskars SW37 (1028374);Fiskars;6411501200266;8201 50 00 00;24;;1574.25;2099.0;1;UAH;1028374;China;20
VN72123277;20260414;FISKARS/Садовий інвентар Fiskars/Садові пилки;1028375;Пила садова ручна Fiskars SW47 (1028375);Fiskars;6411501200273;8201 50 00 00;24;;1649.25;2199.0;1;UAH;1028375;China;20
VN72123277;20260414;FISKARS/Садовий інвентар Fiskars/Секатори;1057169;Секатор площинний Fiskars SmartFit P541 (1057169);Fiskars;6411501111166;8201 50 00 00;24;;786.75;1049.0;1;UAH;1057169;China;20
VN72123277;20260414;FISKARS/Садовий інвентар Fiskars/Секатори;1001530;Секатор професійний Fiskars Pro P90 (1001530);Fiskars;8008220029629;8201 50 00 00;24;;1049.25;1399.0;1;UAH;1001530;China;20
VN72123277;20260414;FISKARS/Садовий інвентар Fiskars/Секатори;1000567;Секатор площинний Fiskars SingleStep P26 (1000567);Fiskars;6411501112606;8201 50 00 00;24;;449.25;599.0;1;UAH;1000567;China;20
VN72123277;20260414;FISKARS/Садовий інвентар Fiskars/Секатори;1057162;Секатор площинний Fiskars Solid M P321 (1057162);Fiskars;6411501111081;8201 50 00 00;24;;524.25;699.0;0;UAH;1057162;China;20
VN72123277;20260414;FISKARS/Садовий інвентар Fiskars/Секатори;1026916;Секатор площинний Fiskars White P57 (1026916);Fiskars;6411501150189;8201 50 00 00;24;;749.25;999.0;2;UAH;1026916;China;20
VN72123277;20260414;FISKARS/Садовий інвентар Fiskars/Сокири та колуни;1015619;Сокира теслярська Fiskars S-X10 (1015619);Fiskars;6411501214430;8201 40 00 00;300;;1799.25;2399.0;0;UAH;1015619;Finland;20
VN72123277;20260414;FISKARS/Садовий інвентар Fiskars/Сокири та колуни;1051085;Сокира теслярськаFiskars Solid A10 (1051085);Fiskars;6411501702036;8201 40 00 00;300;;1874.25;2499.0;2;UAH;1051085;Finland;20
VN72123277;20260414;FISKARS/Садовий інвентар Fiskars/Сокири та колуни;1052045;Сокира-колун Fiskars Solid A18 (1052045);Fiskars;6411501310835;8201 40 00 00;300;;2249.25;2999.0;1;UAH;1052045;Finland;20
VN72123277;20260414;FISKARS/Садовий інвентар Fiskars/Сокири та колуни;1015641;Сокира-колун Fiskars M Х17 (1015641);Fiskars;6411501224637;8201 40 00 00;300;;2474.25;3299.0;1;UAH;1015641;Finland;20
VN72123277;20260414;FISKARS/Садовий інвентар Fiskars/Сокири та колуни;1015642;Сокира-колун Fiskars L Х21 (1015642);Fiskars;6411501224736;8201 40 00 00;300;;2699.25;3599.0;1;UAH;1015642;Finland;20
VN72123277;20260414;FISKARS/Садовий інвентар Fiskars/Сокири та колуни;1015640;Сокира-колун Fiskars S Х11 (1015640);Fiskars;6411501224439;8201 40 00 00;300;;2750.25;3667.0;1;UAH;1015640;Finland;20
VN72123277;20260414;FISKARS/Садовий інвентар Fiskars/Сокири та колуни;1015643;Сокира-колун Fiskars X25 XL (1015643);Fiskars;6411501224835;8201 40 00 00;300;;2999.25;3999.0;1;UAH;1015643;Finland;20
VN72123277;20260414;FISKARS/Садовий інвентар Fiskars/Сокири та колуни;1052043;Сокира колун Fiskars Solid A26 (1052043);Fiskars;6411501310804;8201 40 00 00;300;;3374.25;4499.0;1;UAH;1052043;Finland;20
VN72123277;20260414;FISKARS/Садовий інвентар Fiskars/Точила для сокир та ножів;1001317;Точило для ножів Fiskars Kitchen Devils (1001317);Fiskars;5010624437316;8205 59 00 00;60;;524.25;699.0;1;UAH;1001317;Finland;20
VN72123277;20260414;FISKARS/Садовий інвентар Fiskars/Точила для сокир та ножів;1000601;Точило для сокир та ножів Fiskars Xsharp (1000601);Fiskars;6411501207401;8205 59 00 00;60;;599.25;799.0;0;UAH;1000601;Finland;20
VN72123277;20260414;FISKARS/Садовий інвентар Fiskars/Точила для сокир та ножів;1026797;Точило для сокир та ножів Fiskars Solid (1026797);Fiskars;6411501600172;8205 59 00 00;60;;636.75;849.0;1;UAH;1026797;Finland;20
VN72123277;20260414;FISKARS/Садовий полив/Перехідники та конектори;1020448;Кріплення настінне для катушки Fiskars (1020448);Fiskars;6411501510129;7326909890;0;;899.25;1199.0;1;UAH;1020448;Poland;20
VN72123277;20260414;FISKARS/Садовий полив/Перехідники та конектори;1024090;Перехідник для розпилювача Fiskars (1024090);Fiskars;6411501510464;3917400000;0;;126.75;169.0;1;UAH;1024090;China;20
VN72123277;20260414;FISKARS/Садовий полив/Перехідники та конектори;1020451;"Конектор для шланга Fiskars Watering 13mm-1/2"" (1020451)";Fiskars;6411501510150;3917400000;0;;224.25;299.0;1;UAH;1020451;Poland;20
VN72123277;20260414;FISKARS/Садовий полив/Перехідники та конектори;1020442;"Конектор для шланга Fiskars Watering 9mm-3/8"" (1020442)";Fiskars;6411501510068;3917400000;0;;224.25;299.0;1;UAH;1020442;Poland;20
VN72123277;20260414;FISKARS/Садовий полив/Перехідники та конектори;1025753;Конектор для шланга Fiskars sol ½”-5/8” (1025753);Fiskars;6411501510587;3917400000;0;;224.25;299.0;1;UAH;1025753;Poland;20
VN72123277;20260414;FISKARS/Садовий полив/Перехідники та конектори;1020439;"Конектор для крану 13mm-1/2"" Fiskars Watering (1020439)";Fiskars;6411501510037;3917400000;0;;224.25;299.0;1;UAH;1020439;Poland;20
VN72123277;20260414;FISKARS/Садовий полив/Перехідники та конектори;1025750;Конектор для крану Fiskars ½” Solid (1025750);Fiskars;6411501510518;3917400000;0;;224.25;299.0;2;UAH;1025750;Poland;20
VN72123277;20260414;FISKARS/Садовий полив/Перехідники та конектори;1020443;Конектор 3-х контактний Fiskars Watering (1020443);Fiskars;6411501510075;3917400000;0;;224.25;299.0;1;UAH;1020443;Poland;20
VN72123277;20260414;FISKARS/Садовий полив/Перехідники та конектори;1020440;Конектор Fiskars (1020440);Fiskars;6411501510044;3917400000;0;;224.25;299.0;1;UAH;1020440;Poland;20
VN72123277;20260414;FISKARS/Садовий полив/Перехідники та конектори;1027067;"Муфта ремонтна Fiskars 19мм(3/4"") LB30 Watering (1027067)";Fiskars;6411501510921;3917400099;0;;486.75;649.0;2;UAH;1027067;China;20
VN72123277;20260414;FISKARS/Садовий полив/Перехідники та конектори;1027065;"Муфта ремонтна Fiskars 13mm-15mm (1/2""-5/8"") LB30 Watering (1027065)";Fiskars;6411501510907;3917400099;0;;486.75;649.0;2;UAH;1027065;China;20
VN72123277;20260414;FISKARS/Садовий полив/Пістолети для поливу;1054783;Пістолет-розпилювач Fiskars FiberComp мультифункційний (1054783);Fiskars;6411501511706;8424821000;0;;974.25;1299.0;1;UAH;1054783;China;20
VN72123277;20260414;FISKARS/Садовий полив/Пістолети для поливу;1057609;Пістолет Fiskars FiberComp multi+ з швидким з'єднувачем (1057609);Fiskars;6411501511935;8424821000;0;;1124.25;1499.0;1;UAH;1057609;China;20
VN72123277;20260414;FISKARS/Садовий полив/Пістолети для поливу;1059239;Пістолет-розприскувач для поливу мульті Fiskars Fiber comp Front control (1059239);Fiskars;6411501512024;8424821000;0;;1191.75;1589.0;1;UAH;1059239;China;20
VN72123277;20260414;FISKARS/Садовий полив/Розприскувачі;1020449;Тримач для розпилювача Fiskars (1020449);Fiskars;6411501510136;3908100000;0;;81.75;109.0;1;UAH;1020449;Poland;20
VN72123277;20260414;FISKARS/Садовий полив/Розприскувачі;1023662;Розприскувач коливний Fiskars (1023662);Fiskars;6411501510341;8424821000;0;;974.25;1299.0;1;UAH;1023662;China;20
VN72123277;20260414;FISKARS/Садовий полив/Розприскувачі;1052185;Штанга-розпилювач для поливу Fiskars (1052185);Fiskars;6411501511546;8424821000;0;;1200.0;1600.0;1;UAH;1052185;China;20
VN72123277;20260414;FISKARS/Садовий полив/Розприскувачі;1052186;Штанга - розпилювач 3 функції CF Watering Fiskars (1052186);Fiskars;6411501511553;8424821000;0;;1200.0;1600.0;1;UAH;1052186;China;20
VN72123277;20260414;FISKARS/Садовий полив/Розприскувачі;1023661;Розприскувач водозберігаючий з металевою основою Fiskars (1023661);Fiskars;6411501510334;8424821000;0;;1649.25;2199.0;1;UAH;1023661;China;20
VN72123277;20260414;FISKARS/Садовий полив/Розприскувачі;1027028;Розприскувач осцилюючий з механізмом вкл/вимк Watering Fiskars (1027028);Fiskars;6411501510730;8424821000;0;;1874.25;2499.0;1;UAH;1027028;China;20
VN72123277;20260414;FISKARS/Садовий полив/Шлангі для поливу;1027105;"Шланг для поливу Fiskars 13мм (1/2"") 30м Q4 Watering (1027105)";Fiskars;6411501511300;6912002310;0;;1649.25;2199.0;1;UAH;1027105;Poland;20
VN72123277;20260414;FISKARS/Садовий полив/Шлангі для поливу;1026680;Котушка зі шлангом Fiskars Waterwheel S (1026680);Fiskars;6411501510723;8424 89 00 00;0;;2249.25;2999.0;1;UAH;1026680;;20
VN72123277;20260414;FISKARS/Товари для творчості/Ножиці для паперу;1064070;Ножиці дитячі 13см, рожеві Fiskars (1064070);Fiskars;6424002014751;8213 00 00 00;24;;367.5;490.0;1;UAH;1064070;China;20
VN72123277;20260414;FISKARS/Товари для творчості/Ножиці для паперу;1064069;Ножиці дитячі 13см, сині Fiskars (1064069);Fiskars;6424002014744;8213 00 00 00;24;;367.5;490.0;1;UAH;1064069;China;20
VN72123277;20260414;FISKARS/Товари для творчості/Ножиці для паперу;1064072;Ножиці дитячі 13см, бірюзові Fiskars (1064072);Fiskars;6424002014775;8213 00 00 00;24;;367.5;490.0;1;UAH;1064072;China;20
VN72123277;20260414;GERBER/Мачете Gerber;1014053;Мачете Gerber Gator чорний (1014053);Gerber;13658120327;8201400000;0;;1424.25;1899.0;1;UAH;1014053;China;20
VN72123277;20260414;GERBER/Мачете Gerber;1024856;Мачете Gerber Compact Clearpath (1024856);Gerber;13658149236;8201400000;0;;1686.75;2249.0;1;UAH;1024856;China;20
VN72123277;20260414;GERBER/Мультитули Gerber;1064441;Мультитул брелок відкривачка Gerber ShardXL TOPO, 4L (1064441);Gerber;13658165564;8205510000;0;;929.25;1239.0;1;UAH;1064441;China;20
VN72123277;20260414;GERBER/Мультитули Gerber;1064440;Мультитул брелок відкривачка Gerber ShardXL Micarta, 4L (1064440);Gerber;13658165533;8205510000;0;;929.25;1239.0;1;UAH;1064440;China;20
VN72123277;20260414;GERBER/Мультитули Gerber;1028491;Мультитул Gerber Prybrid-Utility Grey (1028491);Gerber;13658159211;8211930000;0;;1011.75;1349.0;1;UAH;1028491;China;20
VN72123277;20260414;GERBER/Мультитули Gerber;1059830;Мультитул Gerber Armbar Slim Cut (1059830);Gerber;13658160309;8211930000;0;;1251.75;1669.0;1;UAH;1059830;China;20
VN72123277;20260414;GERBER/Мультитули Gerber;1052457;Мультитул Gerber LockDown Drive (1052457);Gerber;13658158504;8211930000;0;;1791.75;2389.0;1;UAH;1052457;China;20
VN72123277;20260414;GERBER/Мультитули Gerber;1059852;Мультитул Gerber LockDown Pry, Onyx (1059852);Gerber;13658160491;8211930000;0;;1791.75;2389.0;1;UAH;1059852;China;20
VN72123277;20260414;GERBER/Мультитули Gerber;1064399;Мультитул Gerber Armbar Scout,4L,BLS,ONYX,3/12 (1064399);Gerber;13658166080;8211930000;0;;1791.75;2389.0;1;UAH;1064399;China;20
VN72123277;20260414;GERBER/Мультитули Gerber;1059836;Мультитул Gerber Lockdown Slim,16L,BOX (1059836);Gerber;13658160569;8211930000;0;;1791.75;2389.0;2;UAH;1059836;China;20
VN72123277;20260414;GERBER/Мультитули Gerber;1059837;Мультитул Gerber Stakeout,16L,Box,SLVR (1059837);Gerber;13658160743;8211930000;0;;2249.25;2999.0;1;UAH;1059837;China;20
VN72123277;20260414;GERBER/Мультитули Gerber;1014905;Мультитул Gerber eFECT Military Maintenance (1014905);Gerber;13658111875;8211930000;0;;2700.0;3600.0;1;UAH;1014905;USA;20
VN72123277;20260414;GERBER/Мультитули Gerber;1052456;Мультитул Gerber ArmBar Cork Shimmer Gold (1052456);Gerber;13658156333;8211930000;0;;749.25;999.0;2;UAH;1052456;China;20
VN72123277;20260414;GERBER/Ножі Gerber/Ножі рибальські;1063144;"Ніж Gerber Ceviche 7"",E,Box,GRN,BLK (1063144)";Gerber;13658165427;8211920000;0;;1326.75;1769.0;1;UAH;1063144;China;20
VN72123277;20260414;GERBER/Ножі Gerber/Ножі рибальські;1063145;"Ніж Gerber Ceviche 9"",E,Box,GRN,BLK (1063145)";Gerber;13658165519;8211920000;0;;1499.25;1999.0;1;UAH;1063145;China;20
VN72123277;20260414;GERBER/Ножі Gerber/Ножі рибальські;1052470;"Ніж філейний Gerber Controller 6"" BOX (1052470)";Gerber;13658157156;8211920000;0;;1911.75;2549.0;1;UAH;1052470;China;20
VN72123277;20260414;GERBER/Ножі Gerber/Ножі рибальські;1028479;"Ніж філейний Gerber Controller 10"" BOX (1028479)";Gerber;13658156197;8211920000;0;;2076.75;2769.0;1;UAH;1028479;China;20
VN72123277;20260414;GERBER/Ножі Gerber/Складні ножі Gerber;1013976;Ніж складний Gerber STL 2.5,E,BLS (1013976);Gerber;13658119802;8211930000;0;;1011.75;1349.0;1;UAH;1013976;China;20
VN72123277;20260414;GERBER/Ножі Gerber/Складні ножі Gerber;1050245;Ніж складний Gerber Wingtip Modern малий (1050245);Gerber;13658158795;8211930000;0;;1049.25;1399.0;1;UAH;1050245;China;20
VN72123277;20260414;GERBER/Ножі Gerber/Складні ножі Gerber;1013969;Ніж складний Gerber Paraframe I FE BL (1013969);Gerber;13658484443;8211930000;0;;1124.25;1499.0;1;UAH;1013969;China;20
VN72123277;20260414;GERBER/Ножі Gerber/Складні ножі Gerber;1013968;Ніж Paraframe I SE BL (1013968);Gerber;13658484436;8211930000;0;;1124.25;1499.0;1;UAH;1013968;China;20
VN72123277;20260414;GERBER/Ножі Gerber/Складні ножі Gerber;1024632;Ніж Paraframe Mini+Vise (1024632);Gerber;13658150454;8211930000;0;;1424.25;1899.0;1;UAH;1024632;China;20
VN72123277;20260414;GERBER/Ножі Gerber/Складні ножі Gerber;1013971;Ніж складний Gerber Paraframe II SE BL (1013971);Gerber;13658484474;8211930000;0;;1499.25;1999.0;1;UAH;1013971;China;20
VN72123277;20260414;GERBER/Ножі Gerber/Складні ножі Gerber;1066487;Ніж складний Gerber Quadrant,16L (1066487);Gerber;13658166639;8211930000;0;;1723.5;2298.0;2;UAH;1066487;China;20
VN72123277;20260414;GERBER/Ножі Gerber/Складні ножі Gerber;1055366;Ніж складний Gerber Sumo Folder, Black FE, GB (1055366);Gerber;13658162570;8211930000;0;;1874.25;2499.0;1;UAH;1055366;China;20
VN72123277;20260414;GERBER/Ножі Gerber/Складні ножі Gerber;1019236;Ніж складний Gerber Skeleton Box (1019236);Gerber;13658067516;8211930000;0;;2007.75;2677.0;1;UAH;1019236;USA;20
VN72123277;20260414;GERBER/Ножі Gerber/Складні ножі Gerber;1059843;Ніж складаний Gerber Affinity-Copper BOX (1059843);Gerber;13658164246;8211930000;0;;2324.25;3099.0;1;UAH;1059843;China;20
VN72123277;20260414;GERBER/Ножі Gerber/Складні ножі Gerber;1055363;Ніж складний Gerber FlatIron D2 Micarta (1055363);Gerber;13658162006;8211930000;0;;2886.75;3849.0;1;UAH;1055363;China;20
VN72123277;20260414;GERBER/Ножі Gerber/Складні ножі Gerber;1067367;Ніж складний Gerber Spire Aluminum, Box (1067367);Gerber;13658165311;8211930000;0;;2886.75;3849.0;1;UAH;1067367;China;20
VN72123277;20260414;GERBER/Ножі Gerber/Складні ножі Gerber;1067368;Ніж Spire AO G10 EB (1067368);Gerber;13658165359;8211930000;0;;2886.75;3849.0;1;UAH;1067368;China;20
VN72123277;20260414;GERBER/Ножі Gerber/Складні ножі Gerber;1028494;Ніж складаний Gerber Fastball Warncliff FSG BOX (1028494);Gerber;13658159808;8211930000;0;;5324.25;7099.0;1;UAH;1028494;USA;20
VN72123277;20260414;GERBER/Ножі Gerber/Складні ножі Gerber;1013954;Ніж Paraframe Gerber Mini FE BL (1013954);Gerber;13658484856;8211930000;0;;599.25;799.0;1;UAH;1013954;China;20
VN72123277;20260414;GERBER/Ножі Gerber/Складні ножі Gerber;1055364;Ніж складаний Gerber Asada (1055364);Gerber;13658162556;8211930000;0;;749.25;999.0;2;UAH;1055364;China;20
VN72123277;20260414;GERBER/Ножі Gerber/Туристичні ножі;1059841;Ніж Gerber DOWNWIND CAPER сірий (1059841);Gerber;13658162594;8211920000;0;;1499.25;1999.0;1;UAH;1059841;China;20
VN72123277;20260414;GERBER/Ножі Gerber/Туристичні ножі;1064424;Ніж туристичний Gerber Mansfield (1064424);Gerber;13658165175;8211930000;0;;1911.75;2549.0;1;UAH;1064424;China;20
VN72123277;20260414;GERBER/Ножі Gerber/Туристичні ножі;1064425;Ніж кишеньковий Gerber Sharkbelly Fine Edge (1064425);Gerber;13658165212;8211930000;0;;1911.75;2549.0;1;UAH;1064425;China;20
VN72123277;20260414;GERBER/Ножі Gerber/Туристичні ножі;1059842;Ніж-топірець Gerber DOWNWIND ULU (1059842);Gerber;13658162075;8214900000;0;;2249.25;2999.0;1;UAH;1059842;China;20
VN72123277;20260414;GERBER/Туристичний посуд;1028483;Виделка туристична Gerber Devour (1028483);Gerber;13658153790;8215999000;0;;599.25;799.0;1;UAH;1028483;China;20
